eartag,type,species,sex,dpi,barn,innoc,barni,od,sp,status,note,o1,o2,n1,n2,r1,r2,wb1,wb2,omean,nmean,rmean,wbmean,retest,notes,isolation1_dpbs,i1o,i1n,i1r
1,E,G,F,0,4,1,4a,0.047,-0.04,Neg,not tested to save icELISA money,U,U,U,U,U,U,U,U,#DIV/0!,#DIV/0!,#DIV/0!,#DIV/0!,,,,,,
8,E,G,F,0,4,1,4a,0.051,0.26,Neg,not tested to save icELISA money,U,U,U,U,U,U,U,U,#DIV/0!,#DIV/0!,#DIV/0!,#DIV/0!,,,,,,
20,E,G,M,0,4,1,4a,0.056,0.64,Neg,not tested to save icELISA money,U,U,U,U,U,U,U,U,#DIV/0!,#DIV/0!,#DIV/0!,#DIV/0!,,,,,,
21,E,G,M,0,4,1,4a,0.051,0.26,Neg,not tested to save icELISA money,U,U,U,U,U,U,U,U,#DIV/0!,#DIV/0!,#DIV/0!,#DIV/0!,,,,,,
23,E,G,M,0,4,0,4b,0.046,-0.11,Neg,not tested to save icELISA money,U,U,U,U,U,U,U,U,#DIV/0!,#DIV/0!,#DIV/0!,#DIV/0!,,,,,,
24,E,G,F,0,4,0,4b,0.048,0.04,Neg,not tested to save icELISA money,U,U,U,U,U,U,U,U,#DIV/0!,#DIV/0!,#DIV/0!,#DIV/0!,,,,,,
25,E,G,F,0,4,0,4b,0.047,-0.04,Neg,not tested to save icELISA money,U,U,U,U,U,U,U,U,#DIV/0!,#DIV/0!,#DIV/0!,#DIV/0!,,,,,,
39,E,G,M,0,4,0,4b,0.045,-0.19,Neg,not tested to save icELISA money,U,U,U,U,U,U,U,U,#DIV/0!,#DIV/0!,#DIV/0!,#DIV/0!,,,,,,
9,C,G,F,0,5,0,5b,NA,NA,NA,not tested to save icELISA money,,,,,,,,,#DIV/0!,#DIV/0!,#DIV/0!,,,control animals were not swabbed,,,,
30,C,G,M,0,5,0,5b,NA,NA,NA,not tested to save icELISA money,,,,,,,,,#DIV/0!,#DIV/0!,#DIV/0!,,,control animals were not swabbed,,,,
44,C,G,F,0,5,0,5b,NA,NA,NA,not tested to save icELISA money,,,,,,,,,#DIV/0!,#DIV/0!,#DIV/0!,,,control animals were not swabbed,,,,
51,C,S,F,0,5,0,5b,NA,NA,NA,not tested to save icELISA money,,,,,,,,,#DIV/0!,#DIV/0!,#DIV/0!,,,control animals were not swabbed,,,,
53,C,S,M,0,5,0,5b,NA,NA,NA,not tested to save icELISA money,,,,,,,,,#DIV/0!,#DIV/0!,#DIV/0!,,,control animals were not swabbed,,,,
61,C,S,F,0,5,0,5b,NA,NA,NA,not tested to save icELISA money,,,,,,,,,#DIV/0!,#DIV/0!,#DIV/0!,,,control animals were not swabbed,,,,
2,E,S,M,0,6,1,6a,0.044,-0.262467192,Neg,not tested to save icELISA money,U,U,U,U,U,U,U,U,#DIV/0!,#DIV/0!,#DIV/0!,#DIV/0!,,,,,,
12,E,S,M,0,6,0,6b,0.054,0.48743907,Neg,not tested to save icELISA money,U,U,U,U,U,U,U,U,#DIV/0!,#DIV/0!,#DIV/0!,#DIV/0!,,,,,,
17,E,S,M,0,6,0,6b,0.068,1.537307837,Neg,not tested to save icELISA money,U,U,U,U,U,U,U,U,#DIV/0!,#DIV/0!,#DIV/0!,#DIV/0!,,,,,,
32,E,S,M,0,6,0,6b,0.047,-0.037495313,Neg,not tested to save icELISA money,U,U,U,U,U,U,U,U,#DIV/0!,#DIV/0!,#DIV/0!,#DIV/0!,,,,,,
36,E,S,F,0,6,1,6a,0.054,0.48743907,Neg,not tested to save icELISA money,U,U,U,U,U,U,U,U,#DIV/0!,#DIV/0!,#DIV/0!,#DIV/0!,,,,,,
37,E,S,M,0,6,0,6b,0.053,0.412448444,Neg,not tested to save icELISA money,U,U,U,U,U,U,U,U,#DIV/0!,#DIV/0!,#DIV/0!,#DIV/0!,,,,,,
46,E,S,F,0,6,1,6a,0.052,0.337457818,Neg,not tested to save icELISA money,U,U,U,U,U,U,U,U,#DIV/0!,#DIV/0!,#DIV/0!,#DIV/0!,,,,,,
47,E,S,M,0,6,1,6a,0.05,0.04,Neg,not tested to save icELISA money,U,U,U,U,U,U,U,U,#DIV/0!,#DIV/0!,#DIV/0!,#DIV/0!,,,,,,
1,E,G,F,4,4,1,4a,0.58,42.99,Pos,,U,U,U,U,28.1,29.4,31.7,33.2,#DIV/0!,#DIV/0!,28.75,32.45,,,1,,,1
8,E,G,F,4,4,1,4a,3.281,264.39,Pos,,U,U,22.7,22.9,U,U,36.6,40.8,#DIV/0!,22.8,#DIV/0!,38.7,,,1,,1,
20,E,G,M,4,4,1,4a,0.091,2.91,Neg,,27.1,27.3,U,U,U,U,30.3,30.2,27.2,#DIV/0!,#DIV/0!,30.25,,,0,0,,
21,E,G,M,4,4,1,4a,0.128,5.94,Neg,,U,U,U,U,U,U,41.6,U,#DIV/0!,#DIV/0!,#DIV/0!,41.6,,,,,,
23,E,G,M,4,4,0,4b,0.064,0.7,Neg,,U,U,U,U,U,U,U,U,#DIV/0!,#DIV/0!,#DIV/0!,#DIV/0!,,,,,,
24,E,G,F,4,4,0,4b,0.058,0.2,Neg,,U,U,U,U,U,U,U,U,#DIV/0!,#DIV/0!,#DIV/0!,#DIV/0!,,,,,,
25,E,G,F,4,4,0,4b,0.059,0.29,Neg,,U,U,U,U,U,U,U,U,#DIV/0!,#DIV/0!,#DIV/0!,#DIV/0!,,,,,,
39,E,G,M,4,4,0,4b,0.06,0.37,Neg,,U,U,U,U,U,U,U,U,#DIV/0!,#DIV/0!,#DIV/0!,#DIV/0!,,,,,,
9,C,G,F,4,5,0,5b,NA,NA,NA,,,,,,,,,,#DIV/0!,#DIV/0!,#DIV/0!,,,control animals were not swabbed,,,,
30,C,G,M,4,5,0,5b,NA,NA,NA,,,,,,,,,,#DIV/0!,#DIV/0!,#DIV/0!,,,control animals were not swabbed,,,,
44,C,G,F,4,5,0,5b,NA,NA,NA,,,,,,,,,,#DIV/0!,#DIV/0!,#DIV/0!,,,control animals were not swabbed,,,,
51,C,S,F,4,5,0,5b,NA,NA,NA,,,,,,,,,,#DIV/0!,#DIV/0!,#DIV/0!,,,control animals were not swabbed,,,,
53,C,S,M,4,5,0,5b,NA,NA,NA,,,,,,,,,,#DIV/0!,#DIV/0!,#DIV/0!,,,control animals were not swabbed,,,,
61,C,S,F,4,5,0,5b,NA,NA,NA,,,,,,,,,,#DIV/0!,#DIV/0!,#DIV/0!,,,control animals were not swabbed,,,,
2,E,S,M,4,6,1,6a,3.48,280.6967213,Pos,,U,U,U,U,U,U,38.6,36.4,#DIV/0!,#DIV/0!,#DIV/0!,37.5,,,,,,
12,E,S,M,4,6,0,6b,0.064,0.696721311,Neg,,U,U,U,U,U,U,U,U,#DIV/0!,#DIV/0!,#DIV/0!,#DIV/0!,,,,,,
17,E,S,M,4,6,0,6b,0.255,16.35245902,Neg,,U,U,U,U,U,U,U,U,#DIV/0!,#DIV/0!,#DIV/0!,#DIV/0!,,,,,,
32,E,S,M,4,6,0,6b,0.071,1.270491803,Neg,,U,U,U,U,U,U,U,U,#DIV/0!,#DIV/0!,#DIV/0!,#DIV/0!,,,,,,
36,E,S,F,4,6,1,6a,3.783,305.5327869,Pos,,25.7,25.6,19.2,19.4,U,U,U,U,25.65,19.3,#DIV/0!,#DIV/0!,,,1,1,1,
37,E,S,M,4,6,0,6b,0.074,1.516393443,Neg,,U,U,U,U,U,U,U,U,#DIV/0!,#DIV/0!,#DIV/0!,#DIV/0!,,,,,,
46,E,S,F,4,6,1,6a,3.596,290.204918,Pos,,U,U,24.4,24.9,U,U,30.6,30.7,#DIV/0!,24.65,#DIV/0!,30.65,,,1,,1,
47,E,S,M,4,6,1,6a,3.208,258.4016393,Pos,,U,U,27.6,29.3,U,U,32.4,32.6,#DIV/0!,28.45,#DIV/0!,32.5,,,1,,1,
1,E,G,F,7,4,1,4a,3.472,464.4263408,Pos,,24.2,24.4,24,21.6,17.8,17.9,U,U,24.3,22.8,17.85,#DIV/0!,,,1,1,1,1
8,E,G,F,7,4,1,4a,3.64,487.2369314,Pos,,19.4,19.4,20.3,20.4,24.4,24.5,29.0034,28.5639,19.4,20.35,24.45,28.78365,,,1,1,1,1
20,E,G,M,7,4,1,4a,3.49,466.8703327,Pos,,20.5,20.6,26.9,27.1,21.3,21.8,U,U,20.55,27,21.55,#DIV/0!,,,1,1,1,1
21,E,G,M,7,4,1,4a,3.428,458.4521385,Pos,,20.8,20.9,27.1,27.4,19.6,19.7,U,41.9862,20.85,27.25,19.65,41.9862,,,1,1,1,1
23,E,G,M,7,4,0,4b,0.083,4.276985743,Neg,,U,U,38.5,U,28.9,28.7,U,U,#DIV/0!,38.5,28.8,#DIV/0!,,,0,,0,0
24,E,G,F,7,4,0,4b,0.067,2.10454854,Neg,,U,U,U,U,U,U,U,U,#DIV/0!,#DIV/0!,#DIV/0!,#DIV/0!,,,,,,
25,E,G,F,7,4,0,4b,0.068,2.240325866,Neg,,U,U,U,U,U,U,U,U,#DIV/0!,#DIV/0!,#DIV/0!,#DIV/0!,,,,,,
39,E,G,M,7,4,0,4b,0.068,2.240325866,Neg,,U,U,U,U,U,U,U,U,#DIV/0!,#DIV/0!,#DIV/0!,#DIV/0!,,,,,,
9,C,G,F,7,5,0,5b,NA,NA,NA,,,,,,,,,,#DIV/0!,#DIV/0!,#DIV/0!,,,control animals were not swabbed,,,,
30,C,G,M,7,5,0,5b,NA,NA,NA,,,,,,,,,,#DIV/0!,#DIV/0!,#DIV/0!,,,control animals were not swabbed,,,,
44,C,G,F,7,5,0,5b,NA,NA,NA,,,,,,,,,,#DIV/0!,#DIV/0!,#DIV/0!,,,control animals were not swabbed,,,,
51,C,S,F,7,5,0,5b,NA,NA,NA,,,,,,,,,,#DIV/0!,#DIV/0!,#DIV/0!,,,control animals were not swabbed,,,,
53,C,S,M,7,5,0,5b,NA,NA,NA,,,,,,,,,,#DIV/0!,#DIV/0!,#DIV/0!,,,control animals were not swabbed,,,,
61,C,S,F,7,5,0,5b,NA,NA,NA,,,,,,,,,,#DIV/0!,#DIV/0!,#DIV/0!,,,control animals were not swabbed,,,,
2,E,S,M,7,6,1,6a,3.8,508.9613035,Pos,,26.3,26.3,20.3,20.4,25.6,25.3,U,U,26.3,20.35,25.45,#DIV/0!,,,1,0,1,1
12,E,S,M,7,6,0,6b,0.13,10.65852003,Neg,,U,U,31.7,32.3,34.7,32.9,U,U,#DIV/0!,32,33.8,#DIV/0!,,,0,,0,0
17,E,S,M,7,6,0,6b,0.201,20.29871012,Pos,,U,U,U,U,36,32.2,U,U,#DIV/0!,#DIV/0!,34.1,#DIV/0!,,,0,,,0
32,E,S,M,7,6,0,6b,0.124,9.843856076,Neg,,U,U,U,U,U,U,U,U,#DIV/0!,#DIV/0!,#DIV/0!,#DIV/0!,,,,,,
36,E,S,F,7,6,1,6a,3.673,491.7175832,Pos,,21.3,21.6,21.1,21,24,23.9,31.9351,31.0071,21.45,21.05,23.95,31.4711,,,1,1,1,1
37,E,S,M,7,6,0,6b,0.102,6.856754922,Neg,,U,U,40.5,40.1,U,U,U,U,#DIV/0!,40.3,#DIV/0!,#DIV/0!,,,0,,0,
46,E,S,F,7,6,1,6a,3.629,485.7433809,Pos,,22.1,22,20,20.2,23.7033,23.592,28.9101,28.7538,22.05,20.1,23.64765,28.83195,,,1,1,1,1
47,E,S,M,7,6,1,6a,3.73,499.4568907,Pos,,24,24,21.1,21.1,19.7066,20.4367,30.5729,31.9486,24,21.1,20.07165,31.26075,,,1,1,1,1
1,E,G,F,10,4,1,4a,3.629,394.812362,Pos,,24.5711,24.7584,U,U,U,U,35.3086,31.7027,24.66475,#DIV/0!,#DIV/0!,33.50565,,,,,,
8,E,G,F,10,4,1,4a,1.026,107.5055188,Pos,,24.8513,24.8274,34.9279,36.8714,28.0433,28.1846,U,U,24.83935,35.89965,28.11395,#DIV/0!,,,1,0,0,0
20,E,G,M,10,4,1,4a,3.488,379.2494481,Pos,,39.4726,39.0866,31.5168,31.1813,24.0955,24.323,U,U,39.2796,31.34905,24.20925,#DIV/0!,,,0,0,0,0
21,E,G,M,10,4,1,4a,3.61,392.7152318,Pos,,16.0911,16.0767,17.051,17.0655,19.2904,19.0753,31.1611,31.7144,16.0839,17.05825,19.18285,31.43775,,,1,1,1,0
23,E,G,M,10,4,0,4b,0.193,15.56291391,Neg,,29.6456,29.6511,33.3275,33.2684,27.459,27.4625,U,U,29.64835,33.29795,27.46075,#DIV/0!,,,1,0,0,1
24,E,G,F,10,4,0,4b,0.198,16.11479029,Neg,,25.1751,25.1869,U,U,30.645,30.4938,U,U,25.181,#DIV/0!,30.5694,#DIV/0!,,,0,0,,0
25,E,G,F,10,4,0,4b,0.204,16.77704194,Neg,,31.3139,31.0608,U,U,29.0514,28.6811,U,U,31.18735,#DIV/0!,28.86625,#DIV/0!,,,0,0,,0
39,E,G,M,10,4,0,4b,0.15,10.81677704,Neg,,31.2055,31.0406,U,U,30.2811,30.4248,U,U,31.12305,#DIV/0!,30.35295,#DIV/0!,,,0,0,,0
9,C,G,F,10,5,0,5b,NA,NA,NA,,,,,,,,,,#DIV/0!,#DIV/0!,#DIV/0!,,,control animals were not swabbed,,,,
30,C,G,M,10,5,0,5b,NA,NA,NA,,,,,,,,,,#DIV/0!,#DIV/0!,#DIV/0!,,,control animals were not swabbed,,,,
44,C,G,F,10,5,0,5b,NA,NA,NA,,,,,,,,,,#DIV/0!,#DIV/0!,#DIV/0!,,,control animals were not swabbed,,,,
51,C,S,F,10,5,0,5b,NA,NA,NA,,,,,,,,,,#DIV/0!,#DIV/0!,#DIV/0!,,,control animals were not swabbed,,,,
53,C,S,M,10,5,0,5b,NA,NA,NA,,,,,,,,,,#DIV/0!,#DIV/0!,#DIV/0!,,,control animals were not swabbed,,,,
61,C,S,F,10,5,0,5b,NA,NA,NA,,,,,,,,,,#DIV/0!,#DIV/0!,#DIV/0!,,,control animals were not swabbed,,,,
2,E,S,M,10,6,1,6a,0.434,42.16335541,Pos,,31.6035,31.7401,32.6203,32.7798,31.5307,31.5672,U,U,31.6718,32.70005,31.54895,#DIV/0!,,,0,0,0,
12,E,S,M,10,6,0,6b,0.076,2.649006623,Neg,,33.8652,33.797,34.3614,33.741,U,43.429,U,U,33.8311,34.0512,43.429,#DIV/0!,,,0,0,0,
17,E,S,M,10,6,0,6b,0.172,13.24503311,Neg,,39.0465,U,43.06,U,31.9369,31.9144,U,U,39.0465,43.06,31.92565,#DIV/0!,,,0,0,0,
32,E,S,M,10,6,0,6b,0.073,2.317880795,Neg,,42.2034,U,33.1672,32.8518,U,U,U,U,42.2034,33.0095,#DIV/0!,#DIV/0!,,,0,0,0,
36,E,S,F,10,6,1,6a,0.533,53.09050773,Pos,,23.6831,23.6702,26.0237,26.1453,U,U,U,U,23.67665,26.0845,#DIV/0!,#DIV/0!,,,0,0,0,
37,E,S,M,10,6,0,6b,0.095,4.746136865,Neg,,33.221,33.4333,U,U,U,U,U,U,33.32715,#DIV/0!,#DIV/0!,#DIV/0!,,,0,0,,
46,E,S,F,10,6,1,6a,1.808,193.8189845,Pos,,28.4807,28.4308,23.9587,23.5854,26.4802,26.4129,U,U,28.45575,23.77205,26.44655,#DIV/0!,,,0,0,,
47,E,S,M,10,6,1,6a,1.382,146.799117,Pos,,24.1033,24.0856,27.3444,27.0139,24.0877,23.9766,U,U,24.09445,27.17915,24.03215,#DIV/0!,,,0,0,,
1,E,G,F,14,4,1,4a,0.181,10.00694927,Neg,,26.9643,26.7447,U,U,23.7494,23.8007,29.6187,29.5255,26.8545,#DIV/0!,23.77505,29.5721,,,0,0,,0
8,E,G,F,14,4,1,4a,0.103,-0.833912439,Neg,,29.4739,29.8844,33.5041,32.2354,29.9556,30.6163,Undetermined,Undetermined,29.67915,32.86975,30.28595,#DIV/0!,,,0,0,0,0
20,E,G,M,14,4,1,4a,2.241,296.3168867,Pos,,27.3848,27.532,31.6049,31.464,24.9713,25.0537,31.5127,31.3827,27.4584,31.53445,25.0125,31.4477,,,0,0,0,0
21,E,G,M,14,4,1,4a,0.274,22.93259208,Pos,,22.4275,22.5046,23.744,23.9878,26.655,26.7531,30.3551,30.2366,22.46605,23.8659,26.70405,30.29585,,,0,0,0,0
23,E,G,M,14,4,0,4b,3.421,460.3196664,Pos,,19.308,19.2906,25.5153,25.4262,28.0361,27.2499,27.707,27.7399,19.2993,25.47075,27.643,27.72345,,,1,1,1,1
24,E,G,F,14,4,0,4b,0.124,2.084781098,Neg,,30.5989,30.7051,31.6987,31.806,28.817,28.6934,Undetermined,Undetermined,30.652,31.75235,28.7552,#DIV/0!,,,0,0,0,0
25,E,G,F,14,4,0,4b,3.62,487.9777623,Pos,,23.8464,23.6742,24.3537,24.2948,29.669,28.8753,28.5892,28.8558,23.7603,24.32425,29.27215,28.7225,,,1,0,1,1
39,E,G,M,14,4,0,4b,0.077,-4.447533009,Neg,,27.1813,26.895,U,33.433,30.0204,29.6877,31.2212,31.4237,27.03815,33.433,29.85405,27.93845,,,0,0,0,0
9,C,G,F,14,5,0,5b,NA,NA,NA,,,,,,,,,,#DIV/0!,#DIV/0!,#DIV/0!,,,control animals were not swabbed,,,,
30,C,G,M,14,5,0,5b,NA,NA,NA,,,,,,,,,,#DIV/0!,#DIV/0!,#DIV/0!,,,control animals were not swabbed,,,,
44,C,G,F,14,5,0,5b,NA,NA,NA,,,,,,,,,,#DIV/0!,#DIV/0!,#DIV/0!,,,control animals were not swabbed,,,,
51,C,S,F,14,5,0,5b,NA,NA,NA,,,,,,,,,,#DIV/0!,#DIV/0!,#DIV/0!,,,control animals were not swabbed,,,,
53,C,S,M,14,5,0,5b,NA,NA,NA,,,,,,,,,,#DIV/0!,#DIV/0!,#DIV/0!,,,control animals were not swabbed,,,,
61,C,S,F,14,5,0,5b,NA,NA,NA,,,,,,,,,,#DIV/0!,#DIV/0!,#DIV/0!,,,control animals were not swabbed,,,,
2,E,S,M,14,6,1,6a,0.185,10.5628909,Neg,,U,28.712,27.6586,27.8691,28.509,28.7183,Undetermined,Undetermined,28.712,27.76385,28.61365,#DIV/0!,,,0,0,0,0
12,E,S,M,14,6,0,6b,3.399,457.2619875,Pos,,25.1184,25.0561,22.371,22.3093,22.9053,23.0134,29.2439,29.2903,25.08725,22.34015,22.95935,29.2671,,,1,0,0,1
17,E,S,M,14,6,0,6b,0.113,0.555941626,Neg,,U,U,U,U,27.2997,27.3268,Undetermined,Undetermined,#DIV/0!,#DIV/0!,27.31325,#DIV/0!,,,0,,,0
32,E,S,M,14,6,0,6b,0.121,1.667824878,Neg,,29.939,29.4766,28.34,28.2491,27.4032,27.0767,28.8741,28.8627,29.7078,28.29455,27.23995,28.8684,,,0,0,0,0
36,E,S,F,14,6,1,6a,0.146,5.142460042,Neg,,25.3561,25.1321,25.3759,25.0427,26.1994,25.9525,44.9727,Undetermined,25.2441,25.2093,26.07595,44.9727,,,0,0,0,0
37,E,S,M,14,6,0,6b,3.618,487.6997915,Pos,,30.8195,30.6401,25.0177,25.0555,28.0595,28.1297,30.3482,30.4458,30.7298,25.0366,28.0946,29.2565,,,1,0,1,0
46,E,S,F,14,6,1,6a,0.307,27.51911049,Pos,,25.0135,24.7293,25.1949,25.2964,27.7042,28.257,Undetermined,Undetermined,24.8714,25.24565,27.9806,#DIV/0!,,,0,0,0,0
47,E,S,M,14,6,1,6a,0.232,17.095205,Neg,,21.4939,21.5267,23.2843,23.1956,38.1677,32.843,30.945,30.7886,21.5103,23.23995,35.50535,30.8668,,,0,0,0,0
1,E,G,F,17,4,1,4a,0.082,3.532934132,Neg,,28.2919,28.2571,30.0199,30.1933,28.3125,27.8385,30.6816,30.6598,28.2745,30.1066,28.0755,30.6707,,,0,0,0,0
8,E,G,F,17,4,1,4a,0.071,2.215568862,Neg,,25.8897,25.8375,28.5328,28.8119,27.9801,27.74,35.9141,37.6246,25.8636,28.67235,27.86005,36.76935,,,0,0,0,0
20,E,G,M,17,4,1,4a,0.216,19.58083832,Neg,,26.1834,26.2352,U,U,26.7531,26.8772,31.0815,30.8866,26.2093,#DIV/0!,26.81515,30.98405,,,0,0,,0
21,E,G,M,17,4,1,4a,NA,NA,NA,died overnight into dpi 17,NA,NA,NA,NA,NA,NA,NA,NA,#DIV/0!,#DIV/0!,#DIV/0!,#DIV/0!,,died overnight into dpi 17,,,,
23,E,G,M,17,4,0,4b,1.053,119.8203593,Pos,,25.5695,25.3278,31.2979,31.9053,25.054,25.1538,34.6367,35.7183,25.44865,31.6016,25.1039,35.1775,,,0,0,0,0
24,E,G,F,17,4,0,4b,3.587,423.2934132,Pos,,21.3708,21.5044,U,U,22.1156,22.1938,27.7686,27.7356,21.4376,#DIV/0!,22.1547,27.7521,,,1,1,,1
25,E,G,F,17,4,0,4b,3.853,455.1497006,Pos,,21.256,21.3283,25.0118,24.7213,19.1528,19.7639,27.5729,27.3419,21.29215,24.86655,19.45835,27.4574,,,1,1,1,0
39,E,G,M,17,4,0,4b,3.488,411.4371257,Pos,,20.8053,20.7651,20.5417,20.4923,24.78,24.3963,28.0911,27.7858,20.7852,20.517,24.58815,27.93845,,,1,1,1,0
9,C,G,F,17,5,0,5b,NA,NA,NA,,,,,,,,,,#DIV/0!,#DIV/0!,#DIV/0!,,,control animals were not swabbed,,,,
30,C,G,M,17,5,0,5b,NA,NA,NA,,,,,,,,,,#DIV/0!,#DIV/0!,#DIV/0!,,,control animals were not swabbed,,,,
44,C,G,F,17,5,0,5b,NA,NA,NA,,,,,,,,,,#DIV/0!,#DIV/0!,#DIV/0!,,,control animals were not swabbed,,,,
51,C,S,F,17,5,0,5b,NA,NA,NA,,,,,,,,,,#DIV/0!,#DIV/0!,#DIV/0!,,,control animals were not swabbed,,,,
53,C,S,M,17,5,0,5b,NA,NA,NA,,,,,,,,,,#DIV/0!,#DIV/0!,#DIV/0!,,,control animals were not swabbed,,,,
61,C,S,F,17,5,0,5b,NA,NA,NA,,,,,,,,,,#DIV/0!,#DIV/0!,#DIV/0!,,,control animals were not swabbed,,,,
2,E,S,M,17,6,1,6a,0.096,5.209580838,Neg,,30.9049,30.5347,31.1556,31.1559,28.9802,29.1787,Undetermined,Undetermined,30.7198,31.15575,29.07945,#DIV/0!,,,0,0,0,0
12,E,S,M,17,6,0,6b,3.585,423.0538922,Pos,,21.2007,21.1529,19.0114,19.0581,19.1189,19.2063,28.2873,28.2061,21.1768,19.03475,19.1626,28.2467,,,0,0,0,0
17,E,S,M,17,6,0,6b,0.747,83.17365269,Pos,,29.9979,30.2526,26.9849,26.8376,30.1244,29.6984,Undetermined,Undetermined,30.12525,26.91125,29.9114,#DIV/0!,,,0,0,0,0
32,E,S,M,17,6,0,6b,3.514,414.5508982,Pos,,17.1298,17.1701,19.6558,19.7757,19.3273,19.347,26.2609,26.1235,17.14995,19.71575,19.33715,26.1922,,,1,1,1,1
36,E,S,F,17,6,1,6a,0.085,3.892215569,Neg,,28.2927,28.0907,28.2609,28.0615,26.0701,26.0183,Undetermined,Undetermined,28.1917,28.1612,26.0442,#DIV/0!,,,0,0,0,0
37,E,S,M,17,6,0,6b,3.488,411.4371257,Pos,,20.4335,20.4014,17.2176,17.1807,19.2361,19.8289,29.3574,29.1556,20.41745,17.19915,19.5325,29.2565,,,1,0,1,0
46,E,S,F,17,6,1,6a,0.249,23.53293413,Pos,,24.1851,24.0664,28.103,28.2226,20.034,20.3675,Undetermined,Undetermined,24.12575,28.1628,20.20075,#DIV/0!,,,0,0,0,0
47,E,S,M,17,6,1,6a,0.087,4.131736527,Neg,,23.1242,23.0559,29.7018,30.0541,28.5911,28.6674,31.7213,31.7731,23.09005,29.87795,28.62925,31.7472,,,0,0,0,0
1,E,G,F,21,4,1,4a,0.061,0.969882593,Neg,,,,,,,,,,#DIV/0!,#DIV/0!,#DIV/0!,#DIV/0!,,,0,,,0
8,E,G,F,21,4,1,4a,0.057,0.561510975,Neg,,,,,,,,,,#DIV/0!,#DIV/0!,#DIV/0!,#DIV/0!,,,0,0,,
20,E,G,M,21,4,1,4a,0.092,4.134762634,Neg,,,,,,,,,,#DIV/0!,#DIV/0!,#DIV/0!,#DIV/0!,,,0,0,,
21,E,G,M,21,4,1,4a,NA,NA,NA,died overnight into dpi 17,NA,NA,NA,NA,NA,NA,NA,NA,#DIV/0!,#DIV/0!,#DIV/0!,#DIV/0!,,died overnight into dpi 17,,,,
23,E,G,M,21,4,0,4b,0.073,2.194997448,Neg,,,,,,,,,,#DIV/0!,#DIV/0!,#DIV/0!,#DIV/0!,,,0,0,,
24,E,G,F,21,4,0,4b,0.642,60.28586013,Pos,,,,,,,,,,#DIV/0!,#DIV/0!,#DIV/0!,#DIV/0!,,,0,0,,
25,E,G,F,21,4,0,4b,0.474,43.13425217,Pos,,,,,,,,,,#DIV/0!,#DIV/0!,#DIV/0!,#DIV/0!,,,0,0,,
39,E,G,M,21,4,0,4b,0.525,48.3409903,Pos,,,,,,,,,,#DIV/0!,#DIV/0!,#DIV/0!,#DIV/0!,,,0,0,,
9,C,G,F,21,5,0,5b,NA,NA,NA,,,,,,,,,,#DIV/0!,#DIV/0!,#DIV/0!,,,control animals were not swabbed,,,,
30,C,G,M,21,5,0,5b,NA,NA,NA,,,,,,,,,,#DIV/0!,#DIV/0!,#DIV/0!,,,control animals were not swabbed,,,,
44,C,G,F,21,5,0,5b,NA,NA,NA,,,,,,,,,,#DIV/0!,#DIV/0!,#DIV/0!,,,control animals were not swabbed,,,,
51,C,S,F,21,5,0,5b,NA,NA,NA,,,,,,,,,,#DIV/0!,#DIV/0!,#DIV/0!,,,control animals were not swabbed,,,,
53,C,S,M,21,5,0,5b,NA,NA,NA,,,,,,,,,,#DIV/0!,#DIV/0!,#DIV/0!,,,control animals were not swabbed,,,,
61,C,S,F,21,5,0,5b,NA,NA,NA,,,,,,,,,,#DIV/0!,#DIV/0!,#DIV/0!,,,control animals were not swabbed,,,,
2,E,S,M,21,6,1,6a,0.056,0.45941807,Neg,,,,,,,,,,#DIV/0!,#DIV/0!,#DIV/0!,#DIV/0!,,,,,,
12,E,S,M,21,6,0,6b,0.229,18.12149056,Neg,,,,,,,,,,#DIV/0!,#DIV/0!,#DIV/0!,#DIV/0!,,,,,,
17,E,S,M,21,6,0,6b,1.153,112.4553344,Pos,,,,,,,,,,#DIV/0!,#DIV/0!,#DIV/0!,#DIV/0!,,,0,,,0
32,E,S,M,21,6,0,6b,0.315,26.90148035,Pos,,,,,,,,,,#DIV/0!,#DIV/0!,#DIV/0!,#DIV/0!,,,,,,
36,E,S,F,21,6,1,6a,0.079,2.807554875,Neg,,,,,,,,,,#DIV/0!,#DIV/0!,#DIV/0!,#DIV/0!,,,,,,
37,E,S,M,21,6,0,6b,0.29,24.34915773,Pos,,,,,,,,,,#DIV/0!,#DIV/0!,#DIV/0!,#DIV/0!,,,0,,,0
46,E,S,F,21,6,1,6a,0.076,2.501276161,Neg,,,,,,,,,,#DIV/0!,#DIV/0!,#DIV/0!,#DIV/0!,,,,,,
47,E,S,M,21,6,1,6a,0.087,3.624298111,Neg,,,,,,,,,,#DIV/0!,#DIV/0!,#DIV/0!,#DIV/0!,,,0,,,0
1,E,G,F,24,4,1,4a,0.05,0.454775139,Neg,,,,,,,,,,#DIV/0!,#DIV/0!,#DIV/0!,#DIV/0!,,,0,0,,
8,E,G,F,24,4,1,4a,0.053,0.757958565,Neg,,,,,,,,,,#DIV/0!,#DIV/0!,#DIV/0!,#DIV/0!,,,,,,
20,E,G,M,24,4,1,4a,0.144,9.954522486,Neg,,,,,,,,,,#DIV/0!,#DIV/0!,#DIV/0!,#DIV/0!,,,,,,
21,E,G,M,24,4,1,4a,NA,NA,NA,died overnight into dpi 17,NA,NA,NA,NA,NA,NA,NA,NA,#DIV/0!,#DIV/0!,#DIV/0!,#DIV/0!,,died overnight into dpi 17,,,,
23,E,G,M,24,4,0,4b,0.059,1.364325417,Neg,,,,,,,,,,#DIV/0!,#DIV/0!,#DIV/0!,#DIV/0!,,,0,0,,
24,E,G,F,24,4,0,4b,0.172,12.78423446,Neg,,,,,,,,,,#DIV/0!,#DIV/0!,#DIV/0!,#DIV/0!,,,,,,
25,E,G,F,24,4,0,4b,0.079,3.385548257,Neg,,,,,,,,,,#DIV/0!,#DIV/0!,#DIV/0!,#DIV/0!,,,,,,
39,E,G,M,24,4,0,4b,0.158,11.36937847,Neg,,,,,,,,,,#DIV/0!,#DIV/0!,#DIV/0!,#DIV/0!,,,,,,
9,C,G,F,24,5,0,5b,NA,NA,NA,,,,,,,,,,#DIV/0!,#DIV/0!,#DIV/0!,,,control animals were not swabbed,,,,
30,C,G,M,24,5,0,5b,NA,NA,NA,,,,,,,,,,#DIV/0!,#DIV/0!,#DIV/0!,,,control animals were not swabbed,,,,
44,C,G,F,24,5,0,5b,NA,NA,NA,,,,,,,,,,#DIV/0!,#DIV/0!,#DIV/0!,,,control animals were not swabbed,,,,
51,C,S,F,24,5,0,5b,NA,NA,NA,,,,,,,,,,#DIV/0!,#DIV/0!,#DIV/0!,,,control animals were not swabbed,,,,
53,C,S,M,24,5,0,5b,NA,NA,NA,,,,,,,,,,#DIV/0!,#DIV/0!,#DIV/0!,,,control animals were not swabbed,,,,
61,C,S,F,24,5,0,5b,NA,NA,NA,,,,,,,,,,#DIV/0!,#DIV/0!,#DIV/0!,,,control animals were not swabbed,,,,
2,E,S,M,24,6,1,6a,0.048,0.252652855,Neg,,,,,,,,,,#DIV/0!,#DIV/0!,#DIV/0!,#DIV/0!,,,,,,
12,E,S,M,24,6,0,6b,0.103,5.811015664,Neg,,,,,,,,,,#DIV/0!,#DIV/0!,#DIV/0!,#DIV/0!,,,0,,0,0
17,E,S,M,24,6,0,6b,0.101,5.60889338,Neg,,,,,,,,,,#DIV/0!,#DIV/0!,#DIV/0!,#DIV/0!,,,0,,0,0
32,E,S,M,24,6,0,6b,0.122,7.731177362,Neg,,,,,,,,,,#DIV/0!,#DIV/0!,#DIV/0!,#DIV/0!,,,0,,0,0
36,E,S,F,24,6,1,6a,0.057,1.162203133,Neg,,,,,,,,,,#DIV/0!,#DIV/0!,#DIV/0!,#DIV/0!,,,0,,,0
37,E,S,M,24,6,0,6b,0.087,4.194037393,Neg,,,,,,,,,,#DIV/0!,#DIV/0!,#DIV/0!,#DIV/0!,,,0,,,0
46,E,S,F,24,6,1,6a,0.052,0.656897423,Neg,,,,,,,,,,#DIV/0!,#DIV/0!,#DIV/0!,#DIV/0!,,,0,,,0
47,E,S,M,24,6,1,6a,0.058,1.263264275,Neg,,,,,,,,,,#DIV/0!,#DIV/0!,#DIV/0!,#DIV/0!,,,,,,
1,E,G,F,28,4,1,4a,0.052,-1.604814443,Neg,,,,,,,,,,#DIV/0!,#DIV/0!,#DIV/0!,#DIV/0!,,,0,0,,
8,E,G,F,28,4,1,4a,0.049,-2.20661986,Neg,,,,,,,,,,#DIV/0!,#DIV/0!,#DIV/0!,#DIV/0!,,,0,0,,
20,E,G,M,28,4,1,4a,0.066,1.203610832,Neg,,,,,,,,,,#DIV/0!,#DIV/0!,#DIV/0!,#DIV/0!,,,,,,
21,E,G,M,28,4,1,4a,NA,NA,NA,died overnight into dpi 17,NA,NA,NA,NA,NA,NA,NA,NA,#DIV/0!,#DIV/0!,#DIV/0!,#DIV/0!,,died overnight into dpi 17,,,,
23,E,G,M,28,4,0,4b,0.054,-1.203610832,Neg,,,,,,,,,,#DIV/0!,#DIV/0!,#DIV/0!,#DIV/0!,,,0,0,,
24,E,G,F,28,4,0,4b,0.059,-0.200601805,Neg,,,,,,,,,,#DIV/0!,#DIV/0!,#DIV/0!,#DIV/0!,,,,,,
25,E,G,F,28,4,0,4b,0.058,-0.401203611,Neg,,,,,,,,,,#DIV/0!,#DIV/0!,#DIV/0!,#DIV/0!,,,,,,
39,E,G,M,28,4,0,4b,0.059,-0.200601805,Neg,,,,,,,,,,#DIV/0!,#DIV/0!,#DIV/0!,#DIV/0!,,,,,,
9,C,G,F,28,5,0,5b,NA,NA,NA,,,,,,,,,,#DIV/0!,#DIV/0!,#DIV/0!,,,control animals were not swabbed,,,,
30,C,G,M,28,5,0,5b,NA,NA,NA,,,,,,,,,,#DIV/0!,#DIV/0!,#DIV/0!,,,control animals were not swabbed,,,,
44,C,G,F,28,5,0,5b,NA,NA,NA,,,,,,,,,,#DIV/0!,#DIV/0!,#DIV/0!,,,control animals were not swabbed,,,,
51,C,S,F,28,5,0,5b,NA,NA,NA,,,,,,,,,,#DIV/0!,#DIV/0!,#DIV/0!,,,control animals were not swabbed,,,,
53,C,S,M,28,5,0,5b,NA,NA,NA,,,,,,,,,,#DIV/0!,#DIV/0!,#DIV/0!,,,control animals were not swabbed,,,,
61,C,S,F,28,5,0,5b,NA,NA,NA,,,,,,,,,,#DIV/0!,#DIV/0!,#DIV/0!,,,control animals were not swabbed,,,,
2,E,S,M,28,6,1,6a,0.048,0.252652855,Neg,,,,,,,,,,#DIV/0!,#DIV/0!,#DIV/0!,#DIV/0!,,,,,,
12,E,S,M,28,6,0,6b,0.103,5.811015664,Neg,,,,,,,,,,#DIV/0!,#DIV/0!,#DIV/0!,#DIV/0!,,,,,,
17,E,S,M,28,6,0,6b,0.101,5.60889338,Neg,,,,,,,,,,#DIV/0!,#DIV/0!,#DIV/0!,#DIV/0!,,,,,,
32,E,S,M,28,6,0,6b,0.122,7.731177362,Neg,,,,,,,,,,#DIV/0!,#DIV/0!,#DIV/0!,#DIV/0!,,,0,,,0
36,E,S,F,28,6,1,6a,0.057,1.162203133,Neg,,,,,,,,,,#DIV/0!,#DIV/0!,#DIV/0!,#DIV/0!,,,,,,
37,E,S,M,28,6,0,6b,0.087,4.194037393,Neg,,,,,,,,,,#DIV/0!,#DIV/0!,#DIV/0!,#DIV/0!,,,0,,,0
46,E,S,F,28,6,1,6a,0.052,0.656897423,Neg,,,,,,,,,,#DIV/0!,#DIV/0!,#DIV/0!,#DIV/0!,,,,,,
47,E,S,M,28,6,1,6a,0.058,1.263264275,Neg,,,,,,,,,,#DIV/0!,#DIV/0!,#DIV/0!,#DIV/0!,,,,,,
